image_url,SIZE
https://data.sanitino.eu/PRODUCT-33916/8607663ccebd28fe87b63f8f?size=feed-1080,1080×1614
https://data.sanitino.eu/PRODUCT-62434/f7aa3c2884a870a185e9232b?size=feed-1080,1080×1080
https://data.sanitino.eu/PRODUCT-33915/8607663ccebd28fe87b63f8f?size=feed-1080,1080×1614
https://data.sanitino.eu/PRODUCT-62426/506d67b00d3d5747837da84f?size=feed-1080,1080×1080
https://data.sanitino.eu/PRODUCT-33893/ccd99b4be3b7e87753bed2c8?size=feed-1080,1080×1614
https://data.sanitino.eu/PRODUCT-33910/ccd99b4be3b7e87753bed2c8?size=feed-1080,1080×1614
https://data.sanitino.eu/PRODUCT-33912/bb973285783debdb928cbb50?size=feed-1080,1080×1614
https://data.sanitino.eu/PRODUCT-33911/bb973285783debdb928cbb50?size=feed-1080,1080×1614
https://data.sanitino.eu/PRODUCT-22078/afc23e6e2f3870e1f568e755?size=feed-1080,1080×1613
https://data.sanitino.eu/PRODUCT-22079/9e88b8bb14fa8d78a97b7256?size=feed-1080,1080×3012
https://data.sanitino.eu/PRODUCT-22088/265abf51f8700a9396d92e0a?size=feed-1080,1080×1614
https://data.sanitino.eu/PRODUCT-62402/a1a7b92d5f21d28e9a2dafad?size=feed-1080,1080×1080
https://data.sanitino.eu/PRODUCT-22084/265abf51f8700a9396d92e0a?size=feed-1080,1080×1614
https://data.sanitino.eu/PRODUCT-62398/d88b730e9f55c3ca959e3bcb?size=feed-1080,
https://data.sanitino.eu/PRODUCT-22089/b9b7bb4cbf69d84e71a1f6cd?size=feed-1080,1080×1607
https://data.sanitino.eu/PRODUCT-62757/219e256f3778622bce5a4ae7?size=feed-1080,1080×1720
https://data.sanitino.eu/PRODUCT-62760/68991d87aaf30d01711c6b22?size=feed-1080,1080×1765
https://data.sanitino.eu/PRODUCT-62758/68991d87aaf30d01711c6b22?size=feed-1080,1080×1765
https://data.sanitino.eu/PRODUCT-62406/8f55129a09dc84843836ceb8?size=feed-1080,1080×1080
https://data.sanitino.eu/PRODUCT-62759/219e256f3778622bce5a4ae7?size=feed-1080,1080×1720
https://data.sanitino.eu/PRODUCT-22085/b9b7bb4cbf69d84e71a1f6cd?size=feed-1080,1080×1607
https://data.sanitino.eu/PRODUCT-22082/12442fee3efa81ffa64c9382?size=feed-1080,1080×1621
https://data.sanitino.eu/PRODUCT-22083/0872c4b6305e64ec39b072e1?size=feed-1080,1080×1526
https://data.sanitino.eu/PRODUCT-62764/f0f0ba932de178399f038883?size=feed-1080,1080×1620
https://data.sanitino.eu/PRODUCT-62763/f598ede68846517273ac1a1f?size=feed-1080,1080×1667
https://data.sanitino.eu/PRODUCT-62761/d1c6ec4fdb5b678818fb3173?size=feed-1080,1080×1579
https://data.sanitino.eu/PRODUCT-22086/230b0546ad623f1b67f05498?size=feed-1080,1080×1764
https://data.sanitino.eu/PRODUCT-62762/74601892c349513d210341c3?size=feed-1080,1080×1080
https://data.sanitino.eu/PRODUCT-22087/2f5aa19b0bec9ffdd690d44a?size=feed-1080,1080×1786
https://data.sanitino.eu/PRODUCT-53149/9be990f243aa622c8a8da72b?size=feed-1080,1080×1613
https://data.sanitino.eu/PRODUCT-53147/9be990f243aa622c8a8da72b?size=feed-1080,1080×1613
https://data.sanitino.eu/PRODUCT-53145/921f8941273d68e9fa5fcec1?size=feed-1080,1080×1613
https://data.sanitino.eu/PRODUCT-53144/921f8941273d68e9fa5fcec1?size=feed-1080,1080×1613
https://data.sanitino.eu/PRODUCT-53150/9be990f243aa622c8a8da72b?size=feed-1080,1080×1613
https://data.sanitino.eu/PRODUCT-53143/921f8941273d68e9fa5fcec1?size=feed-1080,1080×1613
https://data.sanitino.eu/PRODUCT-53146/921f8941273d68e9fa5fcec1?size=feed-1080,1080×1613
https://data.sanitino.eu/PRODUCT-53148/9be990f243aa622c8a8da72b?size=feed-1080,1080×1613
https://data.sanitino.eu/PRODUCT-62422/33bbffbfa08523fcdde3a51e?size=feed-1080,1080×1080
https://data.sanitino.eu/PRODUCT-62418/f692e4686f0f328dbc4583f3?size=feed-1080,1080×1080
https://data.sanitino.eu/PRODUCT-33939/ceae92c7113cf057aef1f778?size=feed-1080,1080×1614
https://data.sanitino.eu/PRODUCT-62394/3d98f781b0e5031d1f4e2d4f?size=feed-1080,1080×1080
https://data.sanitino.eu/PRODUCT-33940/ceae92c7113cf057aef1f778?size=feed-1080,1080×1614
https://data.sanitino.eu/PRODUCT-53138/6d5c7fc9cea8ff6e6519a538?size=feed-1080,1080×1613
https://data.sanitino.eu/PRODUCT-53136/6d5c7fc9cea8ff6e6519a538?size=feed-1080,1080×1613
https://data.sanitino.eu/PRODUCT-53137/6d5c7fc9cea8ff6e6519a538?size=feed-1080,1080×1613
https://data.sanitino.eu/PRODUCT-53135/6d5c7fc9cea8ff6e6519a538?size=feed-1080,1080×1613
https://data.sanitino.eu/PRODUCT-3968/8fc7f9c297c6c8b67297d197?size=feed-1080,1080×1080
https://data.sanitino.eu/PRODUCT-62504/879dc20dc672e04bb348166d?size=feed-1080,1080×1080
https://data.sanitino.eu/PRODUCT-4999/3574e1d5a73adef84e4bb50b?size=feed-1080,1080×1080
https://data.sanitino.eu/PRODUCT-62502/879dc20dc672e04bb348166d?size=feed-1080,1080×1080
https://data.sanitino.eu/PRODUCT-4019/b0bf7bae691d117a7a0871f2?size=feed-1080,1080×1100
https://data.sanitino.eu/PRODUCT-29343/4bedb8ffe2992120ad85586f?v=5bbf1116&size=feed-1080,1093×1080
https://data.sanitino.eu/PRODUCT-29348/f72de619355b1a56ecda45a7?v=fb3900c1&size=feed-1080,1093×1080
https://data.sanitino.eu/PRODUCT-29347/f72de619355b1a56ecda45a7?v=2e19e426&size=feed-1080,1093×1080
https://data.sanitino.eu/PRODUCT-29346/071b923e83dd03ac9ac27328?v=67e719e5&size=feed-1080,1093×1080
https://data.sanitino.eu/PRODUCT-29345/071b923e83dd03ac9ac27328?v=dcfbcc27&size=feed-1080,1093×1080
https://data.sanitino.eu/PRODUCT-29344/4bedb8ffe2992120ad85586f?v=981f495f&size=feed-1080,1093×1080
https://data.sanitino.eu/PRODUCT-29312/f1bf375953404df915a7dd20?size=feed-1080,1080×1080
https://data.sanitino.eu/PRODUCT-4725/7bf3106707bb4b38ec6ad569?size=feed-1080,1080×1080
https://data.sanitino.eu/PRODUCT-4726/8bb4627c705149da7b51b4f0?size=feed-1080,1080×1080
https://data.sanitino.eu/PRODUCT-29313/f1bf375953404df915a7dd20?size=feed-1080,1080×1080
https://data.sanitino.eu/PRODUCT-29314/f1bf375953404df915a7dd20?size=feed-1080,1080×1080
https://data.sanitino.eu/PRODUCT-29311/f1bf375953404df915a7dd20?size=feed-1080,1080×1080
https://data.sanitino.eu/PRODUCT-29307/729366a94f93b1fb87dd2da1?size=feed-1080,1715×1080
https://data.sanitino.eu/PRODUCT-29306/071b923e83dd03ac9ac27328?v=996c6dea&size=feed-1080,1093×1080
https://data.sanitino.eu/PRODUCT-29305/4bedb8ffe2992120ad85586f?v=02e6beb4&size=feed-1080,1093×1080
https://data.sanitino.eu/PRODUCT-29299/4bedb8ffe2992120ad85586f?v=efd33051&size=feed-1080,1093×1080
https://data.sanitino.eu/PRODUCT-29309/f72de619355b1a56ecda45a7?v=b5eba19e&size=feed-1080,1093×1080
https://data.sanitino.eu/PRODUCT-29304/4bedb8ffe2992120ad85586f?v=497e2867&size=feed-1080,1093×1080
https://data.sanitino.eu/PRODUCT-29308/f72de619355b1a56ecda45a7?v=e9209889&size=feed-1080,1093×1080
https://data.sanitino.eu/PRODUCT-29298/f72de619355b1a56ecda45a7?v=ba4bd7a9&size=feed-1080,1093×1080
https://data.sanitino.eu/PRODUCT-29297/f72de619355b1a56ecda45a7?v=d6547638&size=feed-1080,1093×1080
https://data.sanitino.eu/PRODUCT-29302/071b923e83dd03ac9ac27328?v=9545650c&size=feed-1080,1093×1080
https://data.sanitino.eu/PRODUCT-29301/071b923e83dd03ac9ac27328?v=8e927918&size=feed-1080,1093×1080
https://data.sanitino.eu/PRODUCT-4731/5098689a3cdc91ff802ee68b?size=feed-1080,1080×1080
https://data.sanitino.eu/PRODUCT-29300/4bedb8ffe2992120ad85586f?v=a0f0e0a2&size=feed-1080,1093×1080
https://data.sanitino.eu/PRODUCT-33913/f3a8ba5483bc0e6ac3c9b7e4?size=feed-1080,1080×1614
https://data.sanitino.eu/PRODUCT-4741/f49f5dbab7fe7d317930fa8a?size=feed-1080,2153×1080
https://data.sanitino.eu/PRODUCT-4740/020f5f10f44050c31fdb91e9?size=feed-1080,1080×1080
https://data.sanitino.eu/PRODUCT-33914/f3a8ba5483bc0e6ac3c9b7e4?size=feed-1080,1080×1614
https://data.sanitino.eu/PRODUCT-62441/14a5fc59e9275c4747cbf146?v=c7779d57&size=feed-1080,1527×1080
https://data.sanitino.eu/PRODUCT-62442/c07dc5586b115bcad46786b8?v=43de533e&size=feed-1080,1080×1080
https://data.sanitino.eu/PRODUCT-62440/0ebff5ffcace8906ceb06ae8?v=ce662af7&size=feed-1080,1424×1080
https://data.sanitino.eu/PRODUCT-62443/81e59a31e27d0faff031a423?v=95c6e39c&size=feed-1080,1527×1080
https://data.sanitino.eu/PRODUCT-62444/ac614f989073b60436250cb1?v=c285d90d&size=feed-1080,1445×1080
https://data.sanitino.eu/PRODUCT-33909/3988aa8f1ce217c00b5f5a9d?size=feed-1080,1080×1614
https://data.sanitino.eu/PRODUCT-33907/3988aa8f1ce217c00b5f5a9d?size=feed-1080,1080×1614
https://data.sanitino.eu/PRODUCT-62438/1c97967eac3e2d4892b0e0d9?v=e0455ddb&size=feed-1080,1080×1080
https://data.sanitino.eu/PRODUCT-62439/64425aae023271877b210242?v=1b28f672&size=feed-1080,1080×1080
https://data.sanitino.eu/PRODUCT-62499/73a2e502b526df07006447c6?size=feed-1080,1080×1080
https://data.sanitino.eu/PRODUCT-4717/e5589dc6353e2a5d051343b5?size=feed-1080,1080×1080
https://data.sanitino.eu/PRODUCT-62500/73a2e502b526df07006447c6?size=feed-1080,1080×1080
https://data.sanitino.eu/PRODUCT-4721/72ea8172bb77ca6b5ddc7da9?size=feed-1080,1178×1080
https://data.sanitino.eu/PRODUCT-29318/4bedb8ffe2992120ad85586f?v=c1279b8d&size=feed-1080,1093×1080
https://data.sanitino.eu/PRODUCT-4719/e5589dc6353e2a5d051343b5?size=feed-1080,1080×1080
https://data.sanitino.eu/PRODUCT-29321/071b923e83dd03ac9ac27328?v=31789d90&size=feed-1080,1093×1080
https://data.sanitino.eu/PRODUCT-4723/72ea8172bb77ca6b5ddc7da9?size=feed-1080,1178×1080
https://data.sanitino.eu/PRODUCT-29317/f72de619355b1a56ecda45a7?v=fca93a33&size=feed-1080,1093×1080
https://data.sanitino.eu/PRODUCT-29328/4bedb8ffe2992120ad85586f?v=74451ad8&size=feed-1080,1093×1080
https://data.sanitino.eu/PRODUCT-29320/071b923e83dd03ac9ac27328?v=722a8c2c&size=feed-1080,1093×1080
https://data.sanitino.eu/PRODUCT-29326/f72de619355b1a56ecda45a7?v=412f62f7&size=feed-1080,1093×1080
https://data.sanitino.eu/PRODUCT-29325/071b923e83dd03ac9ac27328?v=b1495847&size=feed-1080,1093×1080
https://data.sanitino.eu/PRODUCT-62506/d8c26b12774863699eb4e34c?size=feed-1080,1080×1080
https://data.sanitino.eu/PRODUCT-62448/acfa58b6045279824c133425?v=93c3c08f&size=feed-1080,1080×1080
https://data.sanitino.eu/PRODUCT-29319/4bedb8ffe2992120ad85586f?v=f8e2f2a2&size=feed-1080,1093×1080
https://data.sanitino.eu/PRODUCT-29327/f72de619355b1a56ecda45a7?v=016f51ac&size=feed-1080,1093×1080
https://data.sanitino.eu/PRODUCT-29316/f72de619355b1a56ecda45a7?v=e22d4868&size=feed-1080,1093×1080
https://data.sanitino.eu/PRODUCT-62508/d8c26b12774863699eb4e34c?size=feed-1080,1080×1080
https://data.sanitino.eu/PRODUCT-62451/089c023c5f1641c63e0de379?v=a12d5a10&size=feed-1080,1080×1080
https://data.sanitino.eu/PRODUCT-29324/4bedb8ffe2992120ad85586f?v=cc752123&size=feed-1080,1093×1080
https://data.sanitino.eu/PRODUCT-33906/eb98f9d370711a73c6145f32?size=feed-1080,1080×1614
https://data.sanitino.eu/PRODUCT-29323/4bedb8ffe2992120ad85586f?v=3cced3f5&size=feed-1080,1093×1080
https://data.sanitino.eu/PRODUCT-62452/c8a35faaba0337604466a18c?v=295da2ed&size=feed-1080,1080×1080
https://data.sanitino.eu/PRODUCT-33908/eb98f9d370711a73c6145f32?size=feed-1080,1080×1614
https://data.sanitino.eu/PRODUCT-62446/943c1013b3e7c217a4b92320?v=ab17fe01&size=feed-1080,1080×1080
https://data.sanitino.eu/PRODUCT-62450/2a68939e3f1ad42098d003ca?v=72944e08&size=feed-1080,1080×1080
https://data.sanitino.eu/PRODUCT-62447/c48c9b38aa724e8e47bb5350?v=adcb3f18&size=feed-1080,1080×1080
https://data.sanitino.eu/PRODUCT-33945/94a65be7bba7849875aeb7d8?size=feed-1080,1080×1614
https://data.sanitino.eu/PRODUCT-62470/b6a28a369d51a6794f5b8bab?size=feed-1080,1422×1080
https://data.sanitino.eu/PRODUCT-33946/94a65be7bba7849875aeb7d8?size=feed-1080,1080×1614
https://data.sanitino.eu/PRODUCT-33943/9e666816038a8196bb55d1a5?size=feed-1080,1080×1614
https://data.sanitino.eu/PRODUCT-29339/4bedb8ffe2992120ad85586f?v=db2b3bde&size=feed-1080,1093×1080
https://data.sanitino.eu/PRODUCT-29338/4bedb8ffe2992120ad85586f?v=bef92290&size=feed-1080,1093×1080
https://data.sanitino.eu/PRODUCT-62457/a10db62b06d298c027709700?size=feed-1080,1080×1080
https://data.sanitino.eu/PRODUCT-33944/9e666816038a8196bb55d1a5?size=feed-1080,1080×1614
https://data.sanitino.eu/PRODUCT-62460/b6a28a369d51a6794f5b8bab?size=feed-1080,1422×1080
https://data.sanitino.eu/PRODUCT-62455/b69f80ff653958af86613dd8?v=e790ff56&size=feed-1080,1080×1080
https://data.sanitino.eu/PRODUCT-62454/b69f80ff653958af86613dd8?v=e47c8c32&size=feed-1080,1080×1080
https://data.sanitino.eu/PRODUCT-62458/a10db62b06d298c027709700?size=feed-1080,1080×1080
https://data.sanitino.eu/PRODUCT-29341/071b923e83dd03ac9ac27328?v=5aa6012c&size=feed-1080,1093×1080
https://data.sanitino.eu/PRODUCT-29337/f72de619355b1a56ecda45a7?v=cecec0df&size=feed-1080,1093×1080
https://data.sanitino.eu/PRODUCT-29340/071b923e83dd03ac9ac27328?v=76be777a&size=feed-1080,1093×1080
https://data.sanitino.eu/PRODUCT-62461/b6a28a369d51a6794f5b8bab?size=feed-1080,1422×1080
https://data.sanitino.eu/PRODUCT-29336/f72de619355b1a56ecda45a7?v=f46757e1&size=feed-1080,1093×1080
https://data.sanitino.eu/PRODUCT-62462/b6a28a369d51a6794f5b8bab?size=feed-1080,1422×1080
https://data.sanitino.eu/PRODUCT-62465/1fdafdc4b45e07615adb42a6?size=feed-1080,1080×1080
https://data.sanitino.eu/PRODUCT-33949/5743efecbe6a6f5009a96e88?size=feed-1080,1080×1614
https://data.sanitino.eu/PRODUCT-62466/294d83d801030320ecf61f22?size=feed-1080,1080×1080
https://data.sanitino.eu/PRODUCT-62467/2469d7bb1325b9c93ef81c74?size=feed-1080,1080×1080
https://data.sanitino.eu/PRODUCT-33950/5743efecbe6a6f5009a96e88?size=feed-1080,1080×1614
https://data.sanitino.eu/PRODUCT-62468/b6a28a369d51a6794f5b8bab?size=feed-1080,1422×1080
https://data.sanitino.eu/PRODUCT-62469/b6a28a369d51a6794f5b8bab?size=feed-1080,1422×1080
https://data.sanitino.eu/PRODUCT-29332/f1bf375953404df915a7dd20?size=feed-1080,1080×1080
https://data.sanitino.eu/PRODUCT-62492/1fdafdc4b45e07615adb42a6?size=feed-1080,1080×1080
https://data.sanitino.eu/PRODUCT-33947/b1ef05901f36fb72db467f63?size=feed-1080,1080×1614
https://data.sanitino.eu/PRODUCT-29330/f1bf375953404df915a7dd20?size=feed-1080,1080×1080
https://data.sanitino.eu/PRODUCT-62480/2469d7bb1325b9c93ef81c74?size=feed-1080,1080×1080
https://data.sanitino.eu/PRODUCT-33948/b1ef05901f36fb72db467f63?size=feed-1080,1080×1614
https://data.sanitino.eu/PRODUCT-29331/f1bf375953404df915a7dd20?size=feed-1080,1080×1080
https://data.sanitino.eu/PRODUCT-62481/b6a28a369d51a6794f5b8bab?size=feed-1080,1422×1080
https://data.sanitino.eu/PRODUCT-62493/294d83d801030320ecf61f22?size=feed-1080,1080×1080
https://data.sanitino.eu/PRODUCT-62482/b6a28a369d51a6794f5b8bab?size=feed-1080,1422×1080
https://data.sanitino.eu/PRODUCT-20559/28a5fa4e2b07cd5053c6fd76?v=30fe4c37&size=feed-1080,1080×1367
https://data.sanitino.eu/PRODUCT-29334/f1bf375953404df915a7dd20?size=feed-1080,1080×1080
https://data.sanitino.eu/PRODUCT-62483/b6a28a369d51a6794f5b8bab?size=feed-1080,1422×1080
https://data.sanitino.eu/PRODUCT-29333/f1bf375953404df915a7dd20?size=feed-1080,1080×1080
https://data.sanitino.eu/PRODUCT-33942/ee03dd52dc2eecc7e83589cf?size=feed-1080,1080×1614
https://data.sanitino.eu/PRODUCT-33941/ee03dd52dc2eecc7e83589cf?size=feed-1080,1080×1614
https://data.sanitino.eu/PRODUCT-62495/b6a28a369d51a6794f5b8bab?size=feed-1080,1422×1080
https://data.sanitino.eu/PRODUCT-62494/2469d7bb1325b9c93ef81c74?size=feed-1080,1080×1080
https://data.sanitino.eu/PRODUCT-62473/b6a28a369d51a6794f5b8bab?size=feed-1080,1422×1080
https://data.sanitino.eu/PRODUCT-62496/b6a28a369d51a6794f5b8bab?size=feed-1080,1422×1080
https://data.sanitino.eu/PRODUCT-62475/b6a28a369d51a6794f5b8bab?size=feed-1080,1422×1080
https://data.sanitino.eu/PRODUCT-20558/4de0a46a05ed35ecaef2cf0b?v=73141399&size=feed-1080,1080×1367
https://data.sanitino.eu/PRODUCT-62497/b6a28a369d51a6794f5b8bab?size=feed-1080,1422×1080
https://data.sanitino.eu/PRODUCT-62474/b6a28a369d51a6794f5b8bab?size=feed-1080,1422×1080
https://data.sanitino.eu/PRODUCT-62487/b6a28a369d51a6794f5b8bab?size=feed-1080,1422×1080
https://data.sanitino.eu/PRODUCT-83684/280a92db56cb051ba46b3e70?v=d91f29b4&size=feed-1080,1080×1404
https://data.sanitino.eu/PRODUCT-62489/b6a28a369d51a6794f5b8bab?size=feed-1080,1422×1080
https://data.sanitino.eu/PRODUCT-20568/911ab3e0c297a19b4354b19d?v=55657afb&size=feed-1080,1080×1457
https://data.sanitino.eu/PRODUCT-20556/993df8e194fcc9b37f745d39?v=fb81951b&size=feed-1080,1080×1367
https://data.sanitino.eu/PRODUCT-62478/1fdafdc4b45e07615adb42a6?size=feed-1080,1080×1080
https://data.sanitino.eu/PRODUCT-62488/b6a28a369d51a6794f5b8bab?size=feed-1080,1422×1080
https://data.sanitino.eu/PRODUCT-20557/f039ae46cbb9d63f604e8ddc?v=f649aebc&size=feed-1080,1080×1367
https://data.sanitino.eu/PRODUCT-20567/8414b377c88b7ae28b15f2b3?v=b668055c&size=feed-1080,1080×1457
https://data.sanitino.eu/PRODUCT-62479/294d83d801030320ecf61f22?size=feed-1080,1080×1080
https://data.sanitino.eu/PRODUCT-62542/27ace000ead63792ef5a089c?size=feed-1080,1080×1080
https://data.sanitino.eu/PRODUCT-62550/56bd03b1ae6d60e19f8cdcdd?size=feed-1080,
https://data.sanitino.eu/PRODUCT-29417/4bedb8ffe2992120ad85586f?v=0c168e15&size=feed-1080,1093×1080
https://data.sanitino.eu/PRODUCT-29420/f72de619355b1a56ecda45a7?v=5bb027b6&size=feed-1080,1093×1080
https://data.sanitino.eu/PRODUCT-29418/071b923e83dd03ac9ac27328?v=b89c5d76&size=feed-1080,1093×1080
https://data.sanitino.eu/PRODUCT-29416/4bedb8ffe2992120ad85586f?v=04f616ae&size=feed-1080,1093×1080
https://data.sanitino.eu/PRODUCT-29419/071b923e83dd03ac9ac27328?v=38cb0303&size=feed-1080,1093×1080
https://data.sanitino.eu/PRODUCT-29421/f72de619355b1a56ecda45a7?v=a926d2b4&size=feed-1080,1093×1080
https://data.sanitino.eu/PRODUCT-29414/071b923e83dd03ac9ac27328?v=d0482792&size=feed-1080,1093×1080
https://data.sanitino.eu/PRODUCT-20561/d46b997d4a1ad53bf13d5b61?v=48f57a0e&size=feed-1080,1080×2015
https://data.sanitino.eu/PRODUCT-29413/071b923e83dd03ac9ac27328?v=7e1a9e06&size=feed-1080,1093×1080
https://data.sanitino.eu/PRODUCT-20560/32b28da34a45bb5193f32c5b?v=4dc106cc&size=feed-1080,1080×2011
https://data.sanitino.eu/PRODUCT-29398/071b923e83dd03ac9ac27328?v=496d0e0d&size=feed-1080,1093×1080
https://data.sanitino.eu/PRODUCT-29390/4bedb8ffe2992120ad85586f?v=8c1ea6b4&size=feed-1080,1093×1080
https://data.sanitino.eu/PRODUCT-29397/071b923e83dd03ac9ac27328?v=ca5fc3f3&size=feed-1080,1093×1080
https://data.sanitino.eu/PRODUCT-29393/4bedb8ffe2992120ad85586f?v=c4003a4b&size=feed-1080,1093×1080
https://data.sanitino.eu/PRODUCT-29396/4bedb8ffe2992120ad85586f?v=80f1ae9b&size=feed-1080,1093×1080
https://data.sanitino.eu/PRODUCT-29392/071b923e83dd03ac9ac27328?v=493aabc9&size=feed-1080,1093×1080
https://data.sanitino.eu/PRODUCT-29389/f72de619355b1a56ecda45a7?v=c1bf7051&size=feed-1080,1093×1080
https://data.sanitino.eu/PRODUCT-29388/4bedb8ffe2992120ad85586f?v=d3387887&size=feed-1080,1093×1080
https://data.sanitino.eu/PRODUCT-29395/4bedb8ffe2992120ad85586f?v=76d83665&size=feed-1080,1093×1080
https://data.sanitino.eu/PRODUCT-29409/f72de619355b1a56ecda45a7?v=d8623fc3&size=feed-1080,1093×1080
https://data.sanitino.eu/PRODUCT-29400/f72de619355b1a56ecda45a7?v=aa69108c&size=feed-1080,1093×1080
https://data.sanitino.eu/PRODUCT-29391/4bedb8ffe2992120ad85586f?v=946464fd&size=feed-1080,1093×1080
